Variable,Low_Exposure,High_Exposure,Difference,P_Value,Sig
Employment,683.1830829716813,561.7993763351327,-121.3837066365486,7.87763588404228e-178,***
Hourly_Mean_Wage,33.473953770828444,25.419366570517173,-8.054587200311271,0.0,***
Annual_Mean_Wage,69514.81189866505,52871.63320521355,-16643.178693451504,0.0,***
Teleworkability,0.4908829204020692,0.9015907131106027,0.41070779270853347,0.0,***
AutomationRisk_PreAI,0.3794321893949885,0.7189990449316259,0.3395668555366374,0.0,***
LogEmployment,5.191075768048047,5.169304014642827,-0.021771753405220196,2.0163473078141612e-35,***
