,Employment,LogEmployment,Hourly_Mean_Wage,Annual_Mean_Wage,AI_Exposure_Score,Teleworkability,AutomationRisk_PreAI
Employment,1.0,0.438878014362369,-0.032355953963852976,-0.03235589882741338,-0.039039855586904,-0.06672589112500527,0.02594527337693668
LogEmployment,0.438878014362369,1.0,-0.04505999953679124,-0.04506002666056845,-0.05621716730499989,-0.09877091683204516,0.048206416092175026
Hourly_Mean_Wage,-0.032355953963852976,-0.04505999953679124,1.0,0.9999999869534946,-0.01710230807659305,0.26940914878477107,-0.6152666643310024
Annual_Mean_Wage,-0.03235589882741338,-0.04506002666056845,0.9999999869534946,1.0,-0.017103653166216398,0.26940825780665717,-0.6152669353812749
AI_Exposure_Score,-0.039039855586904,-0.05621716730499989,-0.01710230807659305,-0.017103653166216398,1.0,0.6387868670677517,0.21531038294518828
Teleworkability,-0.06672589112500527,-0.09877091683204516,0.26940914878477107,0.26940825780665717,0.6387868670677517,1.0,-0.14145888263086343
AutomationRisk_PreAI,0.02594527337693668,0.048206416092175026,-0.6152666643310024,-0.6152669353812749,0.21531038294518828,-0.14145888263086343,1.0
