,LogEmployment,AI_Exposure_Score,Teleworkability,AutomationRisk_PreAI
LogEmployment,1.0,-0.05788310600551334,-0.09517388303285443,0.045984413836223335
AI_Exposure_Score,-0.05788310600551334,1.0,0.6350969446763961,0.2161571645430178
Teleworkability,-0.09517388303285443,0.6350969446763961,1.0,-0.14342816861060534
AutomationRisk_PreAI,0.045984413836223335,0.2161571645430178,-0.14342816861060534,1.0
