Variable,N,Mean,Std. Dev.,Min,Max
LogEmployment,3051972,5.179219669541047,1.324146934123738,3.4011973816621555,13.141145876703696
AI_Exposure_Score,3051972,0.4077971981946427,0.14378314460256236,0.09,0.7
Teleworkability,3051972,0.649649472537756,0.47707977314656685,0.0,1.0
AutomationRisk_PreAI,3051972,0.4776392675948534,0.4053329810841832,0.0012,0.99
