Variable,N,Mean,Std. Dev.,Min,Max
Employment,3051972,632.1145311949126,3127.9082822307955,30.0,509480.0
Hourly_Mean_Wage,3012783,32.33180763101757,19.843078309197363,7.4,848.16
Annual_Mean_Wage,3025066,67194.16339345985,41234.847895838,15400.0,1764170.0
LogEmployment,3051972,5.179219669541047,1.324146934123738,3.4011973816621555,13.141145876703696
AI_Exposure_Score,3051972,0.4077971981946427,0.14378314460256236,0.09,0.7
Teleworkability,3051972,0.649649472537756,0.47707977314656685,0.0,1.0
AutomationRisk_PreAI,3051972,0.4776392675948534,0.4053329810841832,0.0012,0.99
